学校名称,专业中文名称,专业原名称（官网名称）,内容
慕尼黑工业大学,科学与工程数学,Mathematics in Science and Engineering,"Mathematics in Science and Engineering 科学与工程数学
1.        官网：https://www.tum.de/en/studies/degree-programs/detail/mathematics-in-science-and-engineering-master-of-science-msc 
项目网页：https://www.cit.tum.de/en/cit/studies/degree-programs/master-mathematics-science-engineering/ 
2.        项目基本信息：
a)        学位：Master of Science
b)        学习时间：4个学期  (Full Time)
c)        授课语言：英语
d)        开始时间：夏季或冬季
e)        学费：6000欧元每个学期 (24/25WS开始)；有学期费
3.        申请时间：
a)        冬季学期：1月1日 - 5月31日
b)        夏季学期：10月1日 - 11月30日
4.        申请方式：
a)        Uni-assist申请VPD
 
非EU/EEA及瑞士的本科学位需申请VPD
Uni-assist网址：https://my.uni-assist.de/ 
 
备注：全年随时都可以申请VPD，不一定需要等到对应的申请期
 
VPD申请截止日期：
 
 
关于VPD的具体信息：https://www.tum.de/en/studies/application/application-info-portal/uni-assist 
b)        学校网申系统提交申请
除了通过Uni-assist申请VPD，还要在学校的网申系统上提交申请，VPD需要在这里上传
学校系统TUMOnline：https://campus.tum.de/tumonline/ee/ui/ca2/app/desktop/#/login 
网申步骤：https://www.tum.de/en/studies/application/application-info-portal/online-application/onlineapplication-bachelor-master 
5.        申请材料：
VPD的申请材料：
-        本科毕业证
-        成绩单
 
项目的申请材料：
-        学位证
-        成绩单
-        英语成绩证明/本科英语授课证明
-        成绩计算表(118ECTS)
-        简历
-        英语动机信
-        护照
-        课程描述
-        VPD
6.        授课语言：英语
 
托福最低88；雅思最低6.5；
或者由本科学校提供官方证明，具体要求如下：
 
MSE的要求：本科论文是英语或者可以证明至少10ECTS的课程是英语就可以替代语言成绩
 
7.        评分标准和匹配度情况说明：
评分标准：
根据申请者提交的文件进行评分 (Aptitude Assessment)，得分范围：0-120
总分(120) = 匹配度(50) + 成绩(60) + 动机信 (10)
a)        专业资质(0-50分)
该部分不是通过模块的示意性比较进行的，而是基于能力进行考量的：
课程        ECTS
分析        9
概率和统计导论        9
复分析        5
几何        9
最优化导论        9
微分方程数值        9
马尔可夫链        5
泛函分析        9
常微分方程        5

基于上表列出的科目组，如果相匹配的学分大于27ECTS，则认为所获得的技能（学习成果）没有显着差异，则最多可获得50分。缺失的课程内容将根据慕尼黑工业大学数学学士学位课程指定模块的学分乘以2进行扣除。


b)        成绩评分(0-60分)
根据总计 118 学分的考试成绩，优于3.0的每0.1分可获得3分，例如成绩为2.0，得30分。最高可得60分，负分将不得分。 如果申请时已获得超过140学分的学位证，则评估将基于达到118学分的最佳成绩。申请人有责任将这些内容列为申请的一部分，并以书面形式确保所提供的信息正确无误。如果缺少此信息，将使用申请人提供的总体平均成绩。总体平均成绩是列出的评分模块的加权平均数。各门课的成绩权重与分配的学分相对应。确定均分时，保留一位小数；其他小数位全部删除，不进行四舍五入。
 
c)        动机信(0-10分)
动机信的评分标准：
-        申请人具有超出第一学位所获得的知识和资格的相关资格，例如特定课程的职业培训、实习、国外居留等。
-        申请人可以有条理地展现个人兴趣与课程内容之间的联系。
两名评选委员会成员独立评估这两项标准，各标准的权重相等。分数为个人评价的算术平均值，四舍五入为总分。
 
第一阶段分数为以上三项相加
取得至少 55 分的学生算通过能力测试。
如果仅有个别科目要求未达到，委员会可要求学生参加数学学士学位课程和计算机科学辅修数学学士学位的基础考试，最多不超过 20 个学分。这些基础考试必须在第一学年通过。
得分低于 45 分者，未通过能力测试。
 
第一阶段分数为45-54分的申请人，进入能力测试的第二阶段 – 面试
选拔面试针对每位申请人单独进行。每位申请人的面试时间为20-30 分钟，面试用英语进行。
面试分数评分标准：
-        科学的、有方法的学习能力
-        第一学位的专业知识(例如，能够概述示例性问题的解决方案)
-        对特定应用领域的洞察力、动机以及课堂外的学习
 
面试分数(0-90分)：
每位评选委员会成员独立评估三个方面，权重相等。分数由每位成员的评分加权得出，小数位必须四舍五入。
第二阶段的总分=面试 (90分)+匹配度(50分) +成绩(60分)。获得90分以上的人通过测试。总分低于90分的申请人，未通过能力测试。
 
8.硕士课程：
Mathematics in Science and Engineering        每个模块的最低学分要求
Analysis        9
Numerical Analysis and Scientific Computing        9
Optimization        10
Case Studies        5
应用领域        29
Seminar        3
Internship        6
Interdisciplinary Module        4
Master’s Thesis        30
 
应用领域可选课程范围较大，但需要和student advisor商量后决定
"
慕尼黑工业大学,数学,Mathematics,"1.	官网：https://www.tum.de/en/studies/degree-programs/detail/mathematics-master-of-science-msc 
项目网页：https://www.cit.tum.de/en/cit/studies/degree-programs/master-mathematics/  
2.	项目基本信息：
a)	学位：Master of Science
b)	学习时间：4个学期  (Full Time)
c)	授课语言：英语
d)	开始时间：夏季或冬季
e)	学费：6000欧元每个学期 (24/25WS开始)；有学期费
3.	申请时间：
a)	冬季学期：1月1日 - 5月31日
b)	夏季学期：10月1日 - 11月30日
4.	申请方式：
a)	Uni-assist申请VPD
 
非EU/EEA及瑞士的本科学位需申请VPD
Uni-assist网址：https://my.uni-assist.de/ 
 
备注：全年随时都可以申请VPD，不一定需要等到对应的申请期
 
VPD申请截止日期：
 
 
关于VPD的具体信息：https://www.tum.de/en/studies/application/application-info-portal/uni-assist 
b)	学校网申系统提交申请
除了通过Uni-assist申请VPD，还要在学校的网申系统上提交申请，VPD需要在这里上传
学校系统TUMOnline：https://campus.tum.de/tumonline/ee/ui/ca2/app/desktop/#/login 
网申步骤：https://www.tum.de/en/studies/application/application-info-portal/online-application/onlineapplication-bachelor-master 
5.	申请材料：
VPD的申请材料：
-	本科毕业证+翻译件/公证件
-	成绩单+翻译件/公证件
-	APS
 
项目的申请材料：
-	学位证+毕业证+翻译件/公证件
-	成绩单+翻译件/公证件
-	英语成绩证明
-	英语动机信
-	课程描述
-	成绩计算表(118ECTS)
-	简历
-	护照
-	VPD
-	APS
6.	授课语言：英语
 
托福最低88；雅思最低6.5；

7.	评分标准和匹配度情况说明：
评分标准：
根据申请者提交的文件进行评分 (Aptitude Assessment)，得分范围：0-120
总分(120) = 匹配度(50) + 成绩(60) + 动机信 (10)
a)	专业资质(0-50分)
该部分不是通过模块的示意性比较进行的，而是基于能力进行考量的：
课程	ECTS
分析3	9
概率论和统计	9
复分析	5
代数	9
几何	9
最优化	9
微分方程的数值	9
马尔可夫链	5
泛函分析	9
偏微分方程	9
常微分方程	5
算法离散数学	5

基于上表列出的科目组，如果相匹配的学分大于36ECTS，则认为所获得的技能（学习成果）没有显着差异，则最多可获得50分。缺失的课程内容将根据慕尼黑工业大学数学学士学位课程指定模块的学分乘以2进行扣除。
b)	成绩评分(0-60分)
根据总计 118 学分的考试成绩，优于3.0的每0.1分可获得3分，例如成绩为2.0，得30分。最高可得60分，负分将不得分。 如果申请时已获得超过140学分的学位证，则评估将基于达到118学分的最佳成绩。申请人有责任将这些内容列为申请的一部分，并以书面形式确保所提供的信息正确无误。如果缺少此信息，将使用申请人提供的总体平均成绩。总体平均成绩是列出的评分模块的加权平均数。各门课的成绩权重与分配的学分相对应。确定均分时，保留一位小数；其他小数位全部删除，不进行四舍五入。
 
c)	动机信(0-10分)
动机信的评分标准：
-	申请人具有超出第一学位所获得的知识和资格的相关资格，例如特定课程的职业培训、实习、国外留学等。
-	申请人可以有条理地展现个人兴趣与课程内容之间的联系。
两名评选委员会成员独立评估这两项标准，各标准的权重相等。分数为个人评价的算术平均值，四舍五入为总分。
 
第一阶段分数为以上三项相加
取得至少 55 分的学生算通过能力测试。
如果仅有个别科目要求未达到，委员会可要求学生参加数学学士学位课程和计算机科学辅修数学学士学位的基础考试，最多不超过 30 个学分。这些基础考试必须在第一学年通过。
得分低于 45 分者，未通过能力测试。
 
第一阶段分数为45-54分的申请人，进入能力测试的第二阶段 – 面试
选拔面试针对每位申请人单独进行。每位申请人的面试时间为20-30 分钟，面试用英语进行。
面试分数评分标准：
-	科学的、有方法的学习能力
-	第一学位的专业知识(例如，能够概述示例性问题的解决方案)
-	学位课程可能的学科领域的洞察以及他们的具体意愿； 申请者愿意并且能够在课堂时间之外独立进行学习
 
面试分数(0-90分)：
每位评选委员会成员独立评估三个方面，权重相等。分数由每位成员的评分加权得出，小数位必须四舍五入。
第二阶段的总分=面试 (90分)+匹配度(50分) +成绩(60分)。获得90分以上的人通过测试。总分低于90分的申请人，未通过能力测试。
 
8.硕士课程：
Mathematics	TUM 学分
选修	数学模块	50
	其他模块	27
额外选修	13
硕士论文	30

 
 
 
 

注意选课要求：
选focus：
• 可以选择A1至A6 中的任意部分作为focus。
• 分配给重点的部分至少需要 30 个学分。
• 必须从 A 部分和 B 部分总共获得至少 50 个学分。
• 必须从 A、B 和 C 部分总共获得至少 77 个学分。
如果不选择focus，则适用以下规则：
• 必须从至少 4 个部分 A1 至 A6、B 和 C 中获得至少 9 个学分。
• 必须从 A 部分和 B 部分总共获得至少 50 个学分。
• 必须从 A、B 和 C 部分总共获得至少 77 个学分。
"
德累斯顿工业大学,数学,Mathematics,"1.	官网：https://tu-dresden.de/studium/vor-dem-studium/studienangebot/sins/sins_studiengang?autoid=4862 
项目官网：https://tu-dresden.de/mn/math/studieninteressierte/mathematik-master 
2.	项目基本信息：
a)	学位：Master of Science
b)	学习时间：4个学期 
c)	授课语言：英语
d)	开始时间：夏季或冬季
e)	学费：无学费
3.	申请时间：
a)	冬季学期：4月1日 - 7月15日
b)	夏季学期：10月1日 - 1月15日
 
4.	申请方式：uni-assist(仅网申)
Uni-assist 网址：https://www.uni-assist.de/en/ 
申请步骤/信息：https://tu-dresden.de/studium/vor-dem-studium/bewerbung/online-bewerbung/bewerbungsverfahren-ueber-uni-assist 
 
 
5.	申请材料：
-	申请表(uni-assist成功提交申请后会自动生成)
-	CV
-	护照
-	花名册扫描件+公证件(optional)
-	本科毕业证学位证扫描件+公证件
-	成绩单扫描件+公证件
-	语言成绩
-	APS
-	课程描述(optional)
 
 
6.	授课语言：英语B2(雅思5.5)
 
7.	入学要求：
−	数学或相关领域本科
−	语言成绩达标
 
8.	硕士课程："
汉堡大学,数学,Mathematics,"1.	官网：https://www.uni-hamburg.de/en/campuscenter/studienangebot/studiengang.html?1242152846 
2.	项目基本信息：
a)	学位：Master of Science
b)	学习时间：4个学期  (Full Time)
c)	授课语言：英语
d)	开始时间：冬季或夏季
e)	学费：无学费，有学期费
f)	录取: NC
3.	申请时间：
a)	夏季学期：12月1日-1月15日
b)	冬季学期：6月1日-7月15日
 
4.	申请方式：
通过学校网申系统STiNE提交申请，申请系统网址： www.uni-hamburg.de/online-application 
申请相关的信息总结(23SS版本-官网未更新最新版本)：https://www.uni-hamburg.de/onTEAM/studiengaenge/-mathematics.pdf- 
5.	申请材料：
-	学位证+毕业证+公证件
-	成绩单+公证件
-	简历
-	简短的个人陈述(50-500字，英语，说明喜欢数学的原因，最感兴趣的内容以及希望在课程里学到/达到什么)
-	APS
-	语言成绩
 
6.	授课语言：英语，雅思5.0
 
* 注意上图最后一句话，建议学德语
7.	入学基本要求和匹配度情况说明
a)	本科为数学或者相关专业
b)	英语成绩达标
如果申请人数超过名额，将采用以下选拔标准：
成绩50%+与数学相关的专业经历/资质30%+动机及兴趣(动机信、面试)20%
 
8.	硕士课程：
第一年主要lectures和seminars，第二年可以选择感兴趣的选修课，汉堡大学数学系的主要三个研究领域：代数、几何和离散结构、优化和偏微分方程、概率和数学统计
 
主要课程领域：
代数，微分几何，数学物理，复杂系统优化，精算和金融数学，代数几何，图论，拓扑，偏微分方程，数学统计
"
达姆施塔特工业大学,数学,Mathematics,"1.	官网：https://www.tu-darmstadt.de/studieren/studieninteressierte/studienangebot_studiengaenge/studiengang_183488.en.jsp 
2.	项目基本信息：
a)	学位：Master of Science
b)	学习时间：4个学期  (Full Time)
c)	授课语言：英语
d)	开始时间：冬季
e)	学费：无学费，有学期费
3.	申请时间：冬季申请一般会在6月1日开放申请系统，具体的截止日期会在5月公布，查看ddl的网址：https://www.tu-darmstadt.de/studieren/studieninteressierte/bewerbung_zulassung_tu/bewerbungsfristen/index.en.jsp 
建议尽早申请
 
4.	申请方式：
通过学校网申系统提交申请，申请系统网址：https://www.tucan.tu-darmstadt.de/scripts/mgrqispi.dll?APPNAME=CampusNet&PRGNAME=EXTERNALPAGES&ARGUMENTS=-N000000000000001,-N000344,-Awelcome 
申请步骤：
−	在申请系统TUCaN上注册账号
−	选择想要申请的项目
−	填写信息、上传文件等
具体图文解释：https://www.tu-darmstadt.de/studieren/studieninteressierte/bewerbung_zulassung_tu/online_bewerbung/artikel_details_de_en_22720.en.jsp 
5.	申请材料：
-	高中毕业证+公证件
-	花名册+公证件
-	护照
-	学位证+毕业证+公证件
-	成绩单+公证件
-	APS
-	语言成绩
* 在网申系统提交申请后会产生一个需上传的文件list
 
6.	授课语言：英语C1
雅思：7.0
 
7.	入学基本要求和匹配度情况说明
a)	本科为数学或者相关专业
b)	英语C1
c)	额外录取要求：
i.	具备应用分析、代数、数值和随机模块的基础知识点和方法的能力。若课程内容与TUD的数学本科相匹配，则这个条件符合，模块包括：
−	分析1和2
−	线性代数1和2
−	复分析
−	常微分方程
−	数值数学
−	积分理论
−	随机
−	代数导论
ii.	具备进一步在代数、分析、逻辑、数值、优化、几何近似或者随机领域进一步研究的能力。如果能够证明一下三个模块匹配
−	代数
−	泛函分析
−	数理逻辑
−	常微方程的数值方法
−	优化
−	概率论
或者能够匹配两个模块及额外一个模块
−	微分几何
−	概率论
 
审核材料后可能会有你选择的研究领域的考官进行30分钟的面试，如果录取，该考官会成为硕士期间的导师。如果认为匹配度有偏差，可以通过完成不超过30学分的成绩来弥补，则可以发条件录取。如果匹配度差太多，会直接拒
8.	硕士课程：
必修：46学分
选修：31-36学分
跨学科选修：3-8学分
研究/论文：35学分
主要研究领域：代数、分析、几何近似、逻辑、数值分析、优化和随机
"
纽伦堡大学,计算和应用数学,Computational and Applied Mathematics,"1.	官网：https://meinstudium.fau.eu/studiengang/computational-and-applied-mathematics-msc/ 
2.	项目基本信息：
a)	学位：Master of Science
b)	学习时间：4个学期  (Full Time)
c)	授课语言：英语
d)	开始时间：冬季和夏季
e)	学费：无学费，有学期费
3.	申请时间：
a)	冬季学期：7月15截止
b)	夏季学期：1月15截止 
4.	申请方式(仅网申)：
通过学校网申系统提交申请，申请系统网址：https://www.campo.fau.de/qisserver/pages/cs/sys/portal/hisinoneStartPage.faces?sessionlanguage=en&page=Applicants  
申请信息summary：https://www.fau.eu/files/2014/11/Master_degree_programmes_information_sheet.pdf 
5.	申请材料：
-	高中毕业证+公证件
-	学位证+毕业证+公证件
-	成绩单+公证件
-	APS
-	语言成绩
 
有关申请材料的信息：https://www.fau.eu/files/2015/05/FAU_supporting_documents_for_applications_for_masters_degree_programmes.pdf 
6.	授课语言：英语B2- 5.5
 
7.	入学基本要求
a)	本科为数学、工业数学或经济数学或者具备45学分与数学领域密切相关的学位
b)	英语B2
 
如果学分不足，可能会有面试，面试评分标准：
−	关于泛函分析或者微分方程的知识(35%)
−	关于数值或优化的知识(35%)
−	用英语讨论数学的能力(30%)
 

8.	硕士课程：
该硕士项目主要包括四个领域：建模与分析、数值分析与模拟、优化和高性能计算，需从中选出两个领域，该选择在申请时就需要确定
Computational and Applied Mathematics	最少学分
选择的研究领域	硕士论文和研讨会	30
	课程	35
必修模块1	-	35
必修模块2	研究领域	40
其他硕士level的课程	15

 
 "
维尔茨堡大学,国际数学 ,Mathematics International Master,"1.	官网：https://www.mathematik.uni-wuerzburg.de/studium/studiengaenge-im-ueberblick/mim/

2.	项目基本信息：
a)	学位：Master of Science
b)	学习时间：4个学期  (Full Time)
c)	授课语言：英语
d)	开始时间：冬季和夏季
e)	学费：无学费，有学期费
3.	申请时间：
a)	冬季学期：5月15截止
b)	夏季学期：11月15截止
4.	申请方式：
a)	Uni-assist申请VPD
Uni-assist网址：https://my.uni-assist.de/ 
备注：全年随时都可以申请VPD，不一定需要等到对应的申请期
b)	学校网申系统提交申请

申请材料：
-	高中毕业证+公证件
-	学位证+毕业证+公证件
-	成绩单+公证件
-	APS
-	语言成绩
-	GRE 数学科目考试成绩 - 强烈推荐
-	动机信– 推荐：一份书面声明，描述希望被您选择的 JMU 学习项目录取的原因。动机信应以英文书写，长度应为 1-2 页。它应该解释为什么你的具体能力、兴趣和职业目标使你成为预期学习项目的良好候选人，以及你为什么想在 JMU 学习。此外，您应该解释为什么您认为您能够理解预期学习计划的数学内容，以及您如何能够处理和独立回答抽象问题。可能包括与当前背景历史或与您拥有的任何特殊资格有关的其他相关信息。在你的动机信中。
-	uni-assist 提供的初步审查文件 (VPD)
5.	授课语言：英语雅思6.5，托福79
6.	入学基本要求
a)	- 以下数学领域的课程总计至少 70 ECTS 学分：分析（一个或多个变量的微分和积分）常微分方程和偏微分方程、向量分析、复分析、线性代数、代数、数论、几何、离散数学、泛函分析、数值数学、随机学、金融数学、运筹学、优化、数学建模和科学计算
b)	上述或其他数学领域的课程总计至少 10 ECTS 学分.
c)	任何数学领域或应用数学方法的科目（例如生物学、化学、地理学、计算机科学、航空航天计算机科学、物理学、经济学）的课程总计至少 30 ECTS 学分。 

同时推荐学习内容为：
抽象代数：
•	Lang：本科代数，第 3 版。2005 年 Springer
•	Artin：代数，Birkhäuser
复变函数：
•	Lars Ahlfors：复分析，第 3 版，1979 年 McGraw
•	唐·马歇尔：复杂分析，剑桥大学。2019年新闻
•	Barry Simon：基本复分析，AMS 2015
线性代数：
•	Strang：线性代数导论，SIAM 第 5 版，2016 年
•	Lang：线性代数，第三版 Springer 2004
常微分方程：
•	Hirsch、Smale、Devaney：微分方程与动力系统，第 2 版，2004 年 Elsevier
数值数学与优化：
•	Stoer, Bulirsch：数值分析导论，2002 Springer
•	Nocedal，Wright：数值优化，施普林格
高级分析：
•	Rudin：数学分析原理，McGraw-Hill 1976 年第 3 版
•	Loomis，Sternberg：高级微积分，Addison Wesley 1980
•	阿曼·埃舍尔：分析 1-3（英文）， B irkhäuser
随机指标/统计：
•	帕特里克·比林斯利：概率与测量，威利

7.	硕士课程：
Lectures and Exercises（讲座与练习）
Functional Analysis (泛函分析)
Control Theory (控制理论)
Differential Geometry (微分几何)
Lie Theory (李群理论)
Optimal Control (最优控制)
Non-linear analysis (非线性分析)
Stochastic Models of Risk Management (风险管理随机模型)
Insurance Mathematics 1 (保险数学1)
Kinetic Theory and Transport Problems (数学连续力学的动力学理论与传输问题)
Mathematics of Machine Learning (机器学习的数学)
Statistical Analysis/Mathematical Statistics (统计分析/数学统计)
Introduction to the Theory of Stochastic Processes (Giovanni Prodi Lecture) (随机过程理论导论)
Geometric Complex Analysis (几何复分析)
"
明斯特大学,数学,Mathematics,"1.	官网：https://www.uni-muenster.de/FB10/Studium/studiengaenge/idealtyp_studienverlaeufe/mscmathematics.shtml
2.	英语
3.	项目基本信息：
f)	学位：Master of Science
g)	学习时间：4个学期  (Full Time)
h)	授课语言：英语
i)	开始时间：冬季和夏季
j)	学费：无学费，有学期费
4.	申请时间：
c)	冬季学期：7月15截止
d)	夏季学期：1月15截止
5.	申请方式(仅网申)：
https://studienbewerbung.uni-muenster.de/bewerbungsportal/
6.	申请材料：
-	高中毕业证+公证件
-	学位证+毕业证+公证件
-	成绩单+公证件
-	APS
-	语言成绩雅思6.0及以上
7.	入学基本要求
d)	本科为数学相关专业同时有120ECTS相关数学学分，德国绩点高于3.0.
e)	英语B2
 
以及填写表格：https://www.uni-muenster.de/imperia/md/content/SFB878/fragebogen_bewerbung_en_2021_ausfuellbar.pdf
因为没有具体的要求，我们参考明斯特大学数学专业本科的学习内容：
数学教育的起点是三个基础模块M1-M3。这里不仅包括经典的分析和线性代数课程，还传授了逻辑的基础知识。在随后的基础扩展模块M4-M6中，还增加了数值分析、统计学和代数的入门课程。这确保了一个坚实的知识基础，从而在第四学期开始，学生可以根据个人偏好选择两个（甚至更多）不同的专业方向。
主要学习内容有八个模块：
- 微分几何学
- 函数分析
- 代数学
- 拓扑学
- 偏微分方程
- 偏微分方程数值学
- 概率论及其应用
- 逻辑学
 
8.	硕士课程：
该硕士项目主要包括：代数，应用数学，微分几何与几何分析，逻辑，数值与科学计算，算子代数与非交换几何，概率论及其应用，拓扑学。
学习内容:
选择两个专业模块和一个辅修科目，而不是三个专业模块。
拓展模块包括微分几何 I、泛函分析、高等代数、代数拓扑、数值偏微分方程 I、偏微分方程 I、概率论 I、数理统计、金融数学和逻辑 II 等课程。
除概率论 I 外，这些课程在冬季学期提供。
专业化模块通常为期一年，包括一学期的讲座和练习（类型 I）和一学期的讲座/研讨会（类型 II）。
您必须至少选择三个不同的专业（或两个专业和一个辅修科目）。"
萨尔大学,精算和金融数学,Actuarial and Financial Mathematics,"精算和金融数学
1.	官网： https://www.uni-saarland.de/en/study/programmes/master/financial-mathematics.html
2.	项目基本信息：
a)	学位：Master of Science
b)	学习时间：4个学期  (Full Time)
c)	授课语言：英语和德语
d)	开始时间：冬季和夏季
e)	学费：无学费，有学期费
3.	申请时间：
a)	冬季学期：6月1日至9月30日
b)	夏季学期：12月1日至3月31日
4.	申请方式(仅网申)：
通过学校网申系统提交申请，申请系统网址：https://apply.cs.uni-saarland.de/auth/
5.	申请材料：
-	高中毕业证+公证件
-	学位证+毕业证+公证件
-	成绩单+公证件
-	APS
-	语言成绩：英语要求C1，雅思7.0

6.	入学基本要求
推荐提交两份推荐信。
要求学习模块内容包括：数学基础知识、应用数学工具（主要是随机过程领域）、保险和金融数学知识以及经济学基础知识。

7.	硕士课程：
该硕士项目主要包括四个领域：
金融和精算数学的工具和技术（19.5 学分）
随机方法（13.5 学分）
讲座课程（跨学科）（27–30 学分）
研讨会和硕士论文（42 学分）
可自由选择的模块（15–18 学分） 
 

"
萨尔大学,数学,Mathematics,"1.	官网： https://www.uni-saarland.de/en/study/programmes/master/mathematics.html、
2.	项目基本信息：
f)	学位：Master of Science
g)	学习时间：4个学期  (Full Time)
h)	授课语言：英语和德语
i)	开始时间：冬季和夏季
j)	学费：无学费，有学期费
3.	申请时间：
c)	冬季学期：5月15日
d)	夏季学期：11月15日
4.	申请方式(仅网申)：
通过学校网申系统提交申请，申请系统网址：https://apply.cs.uni-saarland.de/auth/
5.	申请材料：
-	高中毕业证+公证件
-	学位证+毕业证+公证件
-	成绩单+公证件
-	APS
-	语言成绩：英语要求C1，雅思7.0
6.	入学基本要求
推荐提交两份推荐信。
没有明确说明需要学习的内容，但是参考本科学习内容：（必须要满足87ECTS）
线性代数1
分析学1（第1学期）
线性代数2
分析学2
编程（第2学期）
分析学3
数值计算1（第3学期）
概率论1（第4学期）

7.	硕士课程：
该硕士项目主要包括四个领域：
代数、几何和数论
分析
数学数据分析
数学教学法
数字
随机指标
与计算机科学系和马克斯普朗克信息学研究所在离散数学、复杂性理论和计算几何领域有着密切的合作
"
不来梅大学 , 工业数学和数据分析,Industrial Mathematics and Data Analysis,"1.        官网：https://www.uni-bremen.de/en/studies/orientation-application/offered-study-program/dbs/study/32?cHash=08cfcc9bdaa788180906f53a09c2dee3
2.        项目基本信息：
a)        学位：Master of Science
b)        学习时间：4个学期  (Full Time)
c)        授课语言：英语
d)        开始时间：冬季和夏季
e)        学费：无学费，有学期费
3.        申请时间：
e)        冬季学期：3月1日至4月30日
f)        夏季学期：8月1日至10月15日
4.        申请方式(仅网申)：
5.        通过学校网申系统提交申请，申请系统网址：https://moin.uni-bremen.de/scripts/mgrqispi.dll?APPNAME=CampusNet&PRGNAME=EXTERNALPAGES&ARGUMENTS=-N000000000000002,-N000309,-AHomeenWelcome
6.        申请材料：
-        高中毕业证+公证件
-        学位证+毕业证+公证件
-        成绩单+公证件
-        APS
-        语言成绩
7.        授课语言：英语B2- 5.5
8.        入学基本要求
a)        拥有数学、自然科学或工程科学学位或其他学科的第一学位，并具有至少180学分（学分=CP），或者具有与上述学科在内容、范围和要求上没有实质性差异的学位。
b)         数学领域至少90学分的证明。
c)         在技术应用领域或计算机科学领域至少24学分的证明。
d)        德语A1（可注册时再交）
e)        用英语写的动机信，包括以下内容：
解释对“工业数学和数据分析”硕士学位的特别兴趣（申请动机），
指定想学习的技术应用领域。
匹配度要求： 
编程经验：python、Matlab、R 或同等语言
扎实的实分析、多元微积分和线性代数（矩阵理论）知识
常微分方程：皮亚诺定理、皮卡德-林德洛夫定理
勒贝格积分：L_p 空间，勒贝格支配收敛定理
泛函分析：Banach 和 Hilbert 空间、线性算子、弱收敛
概率论：随机变量、概率分布、大数定律
数值数学：
线性系统：LU 分解、迭代求解器（共轭梯度）
非线性方程和系统：Banach 不动点定理、牛顿法内插和外推
数值积分：Newton-Cotes 公式、高斯求积
常微分方程：龙格-库塔方法
通过有限差分逼近导数
评分标准：绩点评分最高80分
 
动机信评分标准：动机信满分20
如果提供了清晰且与资格目标明确和完整相匹配的陈述，则得20分。
如果提供了与资格目标相匹配且适当的陈述，则得15分。
如果陈述能够合理地涉及资格目标，则得5分。

9.	硕士课程：
第一学期的共同起点是两门必修讲座：“数据分析和图像处理的数学方法”和“偏微分方程的数值方法”。学生根据这些课程选择数据分析或工业数学进行专业化。随后学期的选修课程包括讲座和研讨会，以深化专业知识和扩展其他领域，主题可能涉及机器学习、反问题、应用统计学、参数识别等。
该硕士课程的核心项目是“建模项目”，学生团队解决来自实际问题的现实世界问题，利用数学建模、分析和优化技术为客户找到答案。
课程还包括技术应用领域的课程，学生选择电气工程、机械工程、地球科学、应用物理或计算机科学作为辅修科目，并参加相应部门提供的硕士课程。
"
不来梅大学 ,数学,Mathematics,"1.	官网：https://www.uni-bremen.de/en/studies/orientation-application/offered-study-program/dbs/study/29?cHash=464fb971dce0b7af9a07066adeee8ea7
2.	项目基本信息：
a)	学位：Master of Science
b)	学习时间：4个学期  (Full Time)
c)	授课语言：英语
d)	开始时间：冬季和夏季
e)	学费：无学费，有学期费
3.	申请时间：
g)	冬季学期：3月1日至4月30日
h)	夏季学期：8月1日至10月15日
4.	申请方式(仅网申)：
5.	通过学校网申系统提交申请，申请系统网址：https://moin.uni-bremen.de/scripts/mgrqispi.dll?APPNAME=CampusNet&PRGNAME=EXTERNALPAGES&ARGUMENTS=-N000000000000002,-N000309,-AHomeenWelcome
6.	申请材料：
-	高中毕业证+公证件
-	学位证+毕业证+公证件
-	成绩单+公证件
-	APS
-	语言成绩
7.	授课语言：英语B2- 5.5
8.	入学基本要求
f)	拥有数学、自然科学或工程科学学位或其他学科的第一学位，并具有至少180学分（学分=CP），或者具有与上述学科在内容、范围和要求上没有实质性差异的学位。
g)	 数学领域至少90学分的证明。
h)	 在技术应用领域或计算机科学领域至少24学分的证明。
i)	德语A1（可注册时再交）
j)	用英语写的动机信，包括以下内容：
解释对申请“数学”硕士专业的特别兴趣（申请动机），
指定一个想要深入研究的数学领域（代数、分析、数值或统计/概率）。
总结：确少数值分析模块的知识。
评分标准：绩点评分最高80分
 
动机信评分标准：动机信满分20
如果提供了清晰且与资格目标明确和完整相匹配的陈述，则得20分。
如果提供了与资格目标相匹配且适当的陈述，则得15分。
如果陈述能够合理地涉及个人目标，则得5分。
9.	硕士课程：
理科数学硕士是一个为期4个学期的硕士课程，总共包括120个学分（CP）。该课程提供4个专业领域：代数、分析、数值分析和统计/随机学，并包括两种不同的学习方式：
有申请主题的学生：
专业化（66 CP）：包括两门专业讲座（每门9 CP）、两场研讨会（每场4.5 CP）、阅读课程（9 CP）和硕士论文（30 CP）
拓宽（27 CP）：包括两次讲座（每次9 CP）和两次研讨会（每次4.5 CP）
选修课（9 CP）：选择一门额外的专业或拓展讲座（9 CP）
申请科目（18 CP）：从生物学、化学、电气或机械工程、地球科学、计算机科学、哲学、物理学或经济学中选择
无申请主题的学生：
专业化（45 CP或36 CP）：包括两门专业讲座（每门9 CP）、两门研讨会（每门4.5 CP）、一到两门阅读课程（每门9 CP）和硕士论文（每门30 CP）
拓展课程（27 CP 或 36 CP）：包括两次拓展讲座（每次9 CP）、两次研讨会（每次4.5 CP）以及（如果适用）一门阅读课程（9 CP）
选修课（9 CP）：选择一门额外的专业或拓展讲座（9 CP）
自由选择（9 CP）：从03系的模块或不莱梅大学常识科中选择
 
"
波茨坦大学,数学,Mathematics,"1.        官网：https://www.uni-potsdam.de/en/studium/application-enrollment/application-master/consecutive.html
2.        项目基本信息：
a)        学位：Master of Science
b)        学习时间：4个学期  (Full Time)
c)        授课语言：英语
d)        开始时间：冬季和夏季
e)        学费：无学费，有学期费
3.        申请时间：
a)        冬季学期：4月1日开始
b)        夏季学期：11月1日开始 
4.        申请方式：
先通过uni assist 申请，再通过官网申请：https://www.uni-potsdam.de/en/studium/application-enrollment/application-master/admissions-portal

5.        申请材料：
-        高中毕业证+公证件
-        学位证+毕业证+公证件
-        成绩单+公证件
-        APS
-        语言成绩
6.        授课语言：英语B2- 5.5
 
7.        入学基本要求
a)        入学前了解内容：https://www.math.uni-potsdam.de/fileadmin/user_upload/images/Dateien/Self-assessment.pdf
包括，分析，几何，代数，测度论，
b)        本科为数学、工业数学或经济数学或者具备70ECTS数学学分
c)        英语B1，雅思至少3，5
 

选拔标准：
a) 平均成绩或当前平均成绩：占90%
b) 与入学相关的本科学位后获得的其他资格证明 占10%，分为以下几部分：
在国外学习和研究至少一个月的时间（5%）
职业实习或职业经验，如果申请人能够证明其与计划的硕士项目相关（5%）。
8.        硕士课程：
学习内容分为以下两部分：
物理学联系的数学结构：
物理学作为基础科学领域，涉及许多未解答的数学问题，涵盖从广义相对论到量子场论的广泛范围。这些问题促使了数学领域许多分支的新发展，包括分析、几何和概率论等。在受物理学启发的数学结构专业中，您将获得必要的基础知识，并将其应用于当前最热门的研究领域。
基本概念在微分几何、泛函分析、偏微分方程和概率论等分支的课程中进行教学。在高级课程中，您可以选择进一步专注于其中两个或多个分支。针对当前研究主题的讲座和研讨会将使您了解当今现代研究的最新进展，其中一些活动是与阿尔伯特·爱因斯坦引力物理研究所联合举办的。
概述：
基础课程：微分几何1、泛函分析1、偏微分方程1、概率论
高级课程：微分几何2、泛函分析2、偏微分方程2、随机过程、随机分析
专业课程：从分析、微分几何、数学物理、偏微分方程、概率论等领域中选择
辅修：物理学或进一步的高级和专业课程
数学建模和数据分析：该专业旨在为学生提供在跨学科环境中掌握数学建模、模拟、数据同化和数据分析所需的全面理论基础和实践技能。
重点培养学生的数学能力，使其能够将数学作为统一的科学语言，从而制定和传达复杂的知识和假设。这种方法使他们能够将理论结果与数值模拟相结合，并与实验数据进行比较。硕士课程与波茨坦大学的研究优势领域密切合作，涵盖认知科学、计算机科学、地球科学、生命科学、药理学和（生物）物理学等应用领域。当前的研究主题包括阅读过程中眼球运动的建模和分析、药物活性成分在体内的分布、阿米巴原虫沿着营养梯度的运动以及地震预报和气候建模等问题。
概述：
基础课程：跨学科数学综述
高级课程：偏微分方程、泛函分析、随机过程、统计数据分析、贝叶斯推理和数据同化、数值优化、随机分析、机器学习数学、高斯过程、金融数学、强化学习、偏微分方程数值、理论系统生物学
学科课程：认知科学、计算机科学、经济学、生命科学、药理学、物理学
 
"
柏林自由大学,数学,Mathematics,"1.	官网：https://www.fu-berlin.de/en/studium/studienangebot/master/mathematik/index.html 
项目网址：https://www.mi.fu-berlin.de/en/math/stud/mathemaster/index.html 
2.	项目基本信息：
f)	学位：Master of Science
g)	学习时间：4个学期
h)	授课语言：可以仅英语
i)	开始时间：冬季和夏季
j)	学费：无学费；有学期费
k)	入学第一学期为NC
3.	申请时间(2024的时间)：
c)	冬季学期：4月24日 - 5月31日
d)	夏季学期：12月1日 - 1月15日
 
4.	申请方式：Uni-assist (网申)
Uni-assist网址：https://my.uni-assist.de/ 
 
5.	申请材料：
-	毕业证学位证+公证件
-	成绩单+公证件
-	语言成绩
-	APS
-	其他额外材料
 
 
申请材料网址：https://www.fu-berlin.de/en/studium/bewerbung/master/konsekutive-masterstudiengaenge/uni-assist/index.html 
6.	授课语言：英语/德语 (可以仅英语)
 
7.	匹配度情况说明：
该专业入学要求为：
-	与该校本科相符合的数学本科
-	英语成绩达标
该专业没有列出具体每个模块的学分要求，所以我们根据该校数学本科课程结构进行匹配度分析。
基本模块	学分(至少83分)
分析1+2	20
分析3	11
线形代数	20
计算数学1+2	10
数值	12
随机	10
专业领域模块	学分(25-35分)
Seminar	5
选修	20-30
职业模块	学分(30分)
硕士论文	学分(12分)

8.	硕士课程：
Mathematics	FUB 学分
基础模块	50
中间模块	5
高级模块	5
补充模块	30
硕士论文	30
 
硕士课程共十个可选择研究领域：
−	代数
−	微分几何
−	偏微分方程
−	离散几何
−	离散数学
−	动态系统
−	数值
−	随机
−	拓扑
−	数论
 
必须从一下的模块中完成50学分
-	基础模块：代数 I (10 LP)
-	基本模块：代数 II (10 LP)
-	基础模块：微分几何 I（10 LP）
-	基本模块：微分几何 II (10 LP)
-	基本模块：离散几何 I (10 LP)
-	基本模块：离散几何 II (10 LP)
-	基础模块：离散数学 I (10 LP)
-	基础模块：离散数学 II (10 LP)
-	基本模块：动态系统 I (10 LP)
-	基本模块：动态系统 II (10 LP)
-	基本模块：数值 II (10 LP)
-	基本模块：数值 III (10 LP)
-	基础模块：偏微分方程 I (10 LP)
-	基本模块：偏微分方程 II (10 LP)
-	基本模块：随机指标 II (10 LP)
-	基本模块：随机指标 III (10 LP)
-	基本模块：拓扑 I (10 LP)
-	基本模块：拓扑 II (10 LP)
-	基础模块：数论 II (10 LP)
 
每个学期会提供至少三个基本模块
必须在已完成的基本模块中选择一个领域，完成5学分的中级模块，中级模块包括：
-	代数 III (5 LP)
-	微分几何 III (5 LP)
-	离散几何 III (5 LP)
-	离散数学 III (5 LP)
-	动态系统 III (5 LP)
-	数值 IV (5 LP)
-	偏微分方程 III (5 LP)
-	随机IV (5 LP)
-	拓扑 III (5 LP)
-	数论 III (5 LP)
 
必须基于已完成的基本模块以及对应5学分的中级模块，选择对应的5学分高级模块，高级模块包括：
-	代数硕士研讨会（5 LP）
-	微分几何硕士研讨会（5 LP）
-	离散几何硕士研讨会（5 LP）
-	离散数学硕士研讨会（5 LP）
-	动态系统硕士研讨会（5 LP）
-	数值硕士研讨会（5 LP）
-	偏微分方程硕士研讨会（5 LP）
-	随机硕士研讨会（5 LP）
-	拓扑硕士研讨会（5 LP）
-	数论硕士研讨会 (5 LP)
 
 
具体PDF：https://www.fu-berlin.de/service/zuvdocs/amtsblatt/2018/ab192018.pdf#P.370 
如果想读数值或者计算科学方向可以选择numeric类的课，有30个学分。有的课是英语教学，但有的是英语或德语，暂时还无法确定具体授课语言
module catalogue：https://www.fu-berlin.de/vv/en/fach?id=190000&sm=754328 
9.	备注
a)	建议尽早提交材料
 
b)	最多申请两个专业
"
柏林自由大学,数据科学,Data Science,"Data Science
1.	官网：https://www.fu-berlin.de/en/studium/studienangebot/master/data-science/index.html 
项目网址：https://www.mi.fu-berlin.de/en/data-science/index.html 
2.	项目基本信息：
a)	学位：Master of Science
b)	学习时间：4个学期
c)	授课语言：英语
d)	开始时间：冬季
e)	学费：无学费；有学期费
f)	NC
3.	申请时间(2024的时间)：
a)	冬季学期：4月24日 - 5月31日
b)	夏季学期：12月1日 - 1月15日
 
4.	申请方式：Uni-assist (网申)
Uni-assist网址：https://my.uni-assist.de/ 
 
5.	申请材料：
-	毕业证学位证+公证件
-	成绩单+公证件
-	语言成绩
-	APS
-	自测表
https://www.mi.fu-berlin.de/en/data-science/_inhaltselemente-rd/downloads/MSc_Data_Science_Selbstauskunft_2022-_PDF_.pdf 
 
 
申请材料网址：https://www.fu-berlin.de/en/studium/bewerbung/master/konsekutive-masterstudiengaenge/uni-assist/index.html 
6.	授课语言：英语C1
 
7.	匹配度情况说明：
该专业入学要求为：
a)	语言要求达标
b)	本科为计算机科学或相关领域且至少180学分
c)	本科必须包括至少20学分的数学模块和至少10学分的计算机科学模块，其中
-	数学模块 (至少20学分)
线性代数或微积分至少5学分
概率论或统计至少10学分
-	计算机科学模块 (至少10学分)
算法至少5学分
高级编程语言至少5学分，例如C/C++、Java 或者Python
数学模块(至少20学分)
线形代数/微积分	学分(至少5分)
高等代数1+2	10*1.5
数学分析1+2+3	16*1.5
概率/统计	学分(至少10分)
概率论	3*1.5
数理统计学	3*1.5
统计与数据分析	（1*1.5)
计算机模块 (至少10学分)
算法	学分(至少5分)
算法分析与设计	2.0*1.5
高级编程语言	学分(至少5分)
C语言程序设计	3.0*1.5
二级C语言程序设计	1.0*1.5
二级C++程序设计	1.0*1.5
Python程序设计	2.5*1.5

评分标准
总分100分=成绩80分+实习/实践经历10分(数据科学领域)+额外培训10分(数据科学领域)
实践/工作经历：不少于450小时
额外培训：至少150小时，例如网课证书等
 
  
8.	硕士课程：
基础必修模块	30学分
数据科学统计	10
数据科学机器学习	10
数据科学编程	5
应用模块介绍	5
可选应用领域	60学分
Data Science in Life Science	/
Data Science Technologies	/
硕士论文	30学分
 
"
哥廷根大学,应用数据科学,Applied Data Science,"1.	官网：https://www.uni-goettingen.de/en/643211.html 
项目网址：https://www.uni-goettingen.de/en/642405.html 
2.	项目基本信息：
g)	学位：Master of Science
h)	学习时间：4个学期
i)	授课语言：英语(一些选修课程是德语)
j)	开始时间：冬季(推荐)和夏季
k)	学费：无学费
3.	申请时间(2024的时间)：
c)	冬季学期：5月1日
d)	夏季学期：11月1日
 
4.	申请方式：Online Application Form
注意：国际生和EU学生用的form不同，如果要申请，注意别交错
 
5.	申请材料：
-	毕业证学位证+公证件
-	成绩单+公证件
-	CV
-	英语证明
-	个人陈述(最多300字)：申请这个项目的动机+符合该项目的技能、竞争力
 
申请材料网址：https://www.uni-goettingen.de/en/642406.html 
6.	授课语言：英语德语/英语C1
雅思6.5
 
7.	网上测试 Aptitude Test
 
为了参加这个online aptitude test，所有申请人必须在online portal里注册，注册后会收到网申链接
 
注意：要考过60%才行
8.	匹配度情况说明：
该专业入学要求为：
a)	语言成绩达标
b)	至少180ECTS学分的计算机科学、数据科学、统计、数学或者相关专业的本科
c)	申请时至少已经完成150ECTS
d)	至少60学分的数据科学、计算机科学、数学或统计知识
数学模块：>60中国学分
统计模块：7中国学分
数据、计算机科学模块：12.5中国学分左右
 
如果满足以上要求的人超过提供的学习位置，则进行以下评分程序，最后按照评分排名录取。
评分标准
总分80=成绩51+额外知识5分+面试结果24分
 
成绩51分
 
额外经历/知识等最多得5分
奖学金 – 3分
海外交换 – 3分
至少8周的校外实习 – 2分
相关领域的职业培训 – 2分
至少8周科研经历-1分
至少1年的学校组织的经历 – 1分
 
面试表现24分
知识点0-12分
职业/专业经历0-6分
学习动机0-6分
 
9.	硕士课程：
核心模块49ECTS
数据科学基础
数据科学统计
数据科学计算机科学方法
应用领域41ECTS
应用方向，包括：neuroscience，bioinformatics，medical DS， digital humanities
实习、实验等跨学科课程
其他ds相关选修课
硕士论文30ECTS"
海德堡大学,科学计算,SCIENTIFIC COMPUTING,"1.	官网：https://www.uni-heidelberg.de/en

项目网页：https://www.uni-heidelberg.de/en/study/all-subjects/scientific-computing
2.	项目基本信息：
l)	学位：Master of Science
m)	学习时间：4个学期 
n)	授课语言：英语
o)	开始时间：夏季或冬季
p)	学费：1500欧元每个学期学期费
3.	申请时间：
e)	冬季学期：5月1日 – 6月15日
f)	夏季学期：10月1日 - 11月15日
4.	申请方式：
学校网申系统提交申请：https://heico.uni-heidelberg.de/heiCO/ee/ui/ca2/app/desktop/#/login

5.	申请材料：
-	本科毕业证（毕业生；在读生可以上传在读证明）+英/德翻译件
-	成绩单+英/德翻译件
-	APS

项目的申请材料
-	英语成绩证明（可后补）
-	简历
-	课程描述
-	成绩单(已包括至少120ECTS)
-	动机信
-	APS
6.	授课语言：英语
 
托福最低90；雅思最低6.5
7.	评分标准和匹配度情况说明：
匹配度要求：
1数学模块：总共至少24个ECT，每个至少6个ECT。
1.1线性代数:场、向量空间、线性映射、基变化、特征向量和特征值、行列式、双线性形式、正交性和等距，包括在各自学科领域进行独立推理的能力。
1.2分析:序列，级数，多个变量中的可微性和可积性基础知识，泰勒展开，三角函数，包括各自学科领域的独立证据能力。

2拓展模块至少6个ECT
2.1数值，优化，概率论，统计学，泛函分析，微分方程，科学计算和数学数据科学，包括各自学科领域的独立推理能力;

3计算机科学(总共至少 24 个 ECT): 
3.1基本技能(每个至少 6个ECT)
3.1.1实用计算机科学:常见的编程概念，例如变量、类、重载和专业化的可见性区域.
3.1.2算法和数据结构:基本数据结构，如列表、堆栈和队列、排序和搜索算法(尤其是堆排序、合并排序、快速排序以及搜索树和线性列表)、哈希方法和基本图形算法(尤其是深度和广度搜索)
3.2扩展能力 (至少 6个ECT)
图像处理、计算机图形学和可视化、数据库系统、并行和分布式系统、机器学习、软件工程;

4应用领域(至少 16 ECT)
海德堡大学科学计算硕士课程中规定的应用领域的先前知识。“
应用领域如：
金融数学，数学建模等，满足需求。

最后，申请需要根据学院网站上提供的样本，提供一份概述，说明在哪些模块或哪些模块中 
提交一份动机信，列出申请人的教育和职业发展以及本科所学习的课程相关的履历。
以及要求绩点在2.5以上
8.	硕士课程： 

硕士课程主要侧重于数学专业领域，注重科学计算。除了深入学习专业知识外，学生还将培养数学和计算机科学的科学方法论能力。具体包括：
从数学方面：
1.	常微分方程和偏微分方程的数值方法
2.	统计和数据分析
3.	微分几何和计算机代数
4.	线性和非线性优化方法
5.	流体力学中的计算方法
从计算机科学方面：
1.	并行计算
2.	科学可视化
3.	混合/整数编程
4.	空间数据库
以下是主要的课程内容：
核心计算机科学课程
高级机器学习
算法工程
算法与数据结构2
复杂网络分析
计算机图形学
机器学习基础
几何建模与动画
硬件感知科学计算
机器学习
大规模数据挖掘
面向科学计算的面向对象编程
机器学习优化
科学可视化
文本分析
以上是来自MSc Technische Informatik的模块
其他计算机科学课程
计算几何
计算机游戏
实用几何
随机算法
核心数学课程
应用分析和建模基础模块
数值分析和优化基础课程
统计学和概率论基础模块
应用分析和建模进阶模块
高级数值分析和优化课程
统计学和概率论进阶模块
应用分析和建模专业模块
数值分析和优化专题
统计学和概率论专业模块
各类专业通用模块
研讨会
高级软件实践
应用领域
应用领域实验室实习
硕士论文
关键能力课程
LaTeX排版系统介绍
"
海德堡大学,数据和计算机科学,DATA AND COMPUTER SCIENCE,"1. 官网：
https://www.uni-heidelberg.de/en/study/all-subjects/computer-science/data-and-computer-science-master
2. 授课语言：英语B2，雅思6.5
 
3. 申请日期：
冬季学期：4.1 - 5.15
 
4. 申请方式：网申
https://heico.uni-heidelberg.de/heiCO/ee/ui/ca2/app/desktop/#/login
5. 申请材料：无特殊材料
6. 匹配度说明和选拔标准
 
计算机科学、数学、自然科学或工程学科目成绩达到 100%，或获得公认的同等学位
 
通过(a)项所述学位证明具备计算机科学知识或其他经证明的计算机科学知识，总计 32 个 CP，其中至少 6 个 CP 可分配给第 1 项和第 2 项所列的两个领域，至少6CP可分配给第 3 至第 5 项所列领域中的两个领域 满足
①　算法和数据结构：算法基础以及运行时复杂性和数据结构；
②　实用计算机科学：编程基础、面向对象编程和软件工程学；
③　理论计算机科学：形式语言、自动化和复杂性理论
④　计算机体系结构：交换代数、顺序逻辑、流水线、存储层次结构和分布式系统和网络；
⑤　数学基础：向量空间、线性映射和单变量函数分析以及序列和数列。
 
大学成绩2.5以上or申请人在其所报考的课程中属于考试成绩前 20%的学生
7. 硕士学习内容
https://www.informatik.uni-heidelberg.de/c/image/f/default/pdfs/mhb2023/MHB_Informatik_MSc_DaCS_2022-23_WiSe.pdf
选修课方向
 
- 可视计算 (VC)
- 软件系统与工程 (SE)
- 科学计算（SC）
- 算法数据分析与机器学习（AM）
- 算法与理论计算机科学（AT）
- 计算机工程（CE）
选修课内容：
 
3D 计算机视觉 (I3dCVi)
高级机器学习（IAML）
算法工程（IAE）
编程智能（IAIP）
复杂网络分析（INA）
计算几何（ICGeo）
计算机游戏（ICS）
凸面优化
离散结构 2 (IDS2)
机器学习基础（IFML）
几何建模与动画（IGMA）
硬件感知科学计算（IHASC）
信息技术项目管理（IPM）
逆问题（IIP）
机器学习（IML）
海量数据集挖掘 (IMMD)
数值优化
机器学习优化 (10ML)
实用几何 (IP Geo)
科学可视化（ISV）
软件进化（ISWEvol）
软件经济学 (ISwOk)
体积可视化 (IVV)
软件工程中的知识管理与决策
软件工程中的知识管理与决策（ISWKM）
计算机工程硕士学位（MScTI）的所有基础和高级模块
计算机工程学硕士（MScTI）
"
柏林工业大学,科学计算,Scientific Computing ,"1.	官网：https://www.tu.berlin/en/studying/study-programs/all-programs-offered/study-course/scientific-computing-m-sc 
2.	项目基本信息：
a)	学位：Master of Science
b)	学习时间：4个学期  (Full Time)
c)	授课语言：英语
d)	开始时间：仅冬季
e)	学费：学期费
f)	录取: Open Admission
3.	申请时间：6月1日 - 8月31日
 
4.	申请方式：
国内本科学位需通过uni-assist申请（纯网申），uni-assist网址：https://my.uni-assist.de/ 
申请步骤(具体操作见链接)：
a)	在uni-assist注册账号
b)	选择你要申请的硕士项目和学期
c)	填写申请表
d)	上传所有的申请材料 – (带英/德翻译件/公证件)
注意：
a)	每个学期只能申请一个硕士项目
b)	uni-assist先审核材料，符合要求的申请会发给学校，然后TUB会给你发送一个链接用于查询申请状态或者输入uni的申请号，无需在TUB portal重新注册
c)	建议尽早申请
具体申请步骤：https://www.tu.berlin/en/i-a-office-of-student-affairs/masters-application-enrollment/application/applying-via-uni-assist 
5.	申请材料：
项目的申请材料：
-	申请表(在uni-assist申请的时候会自动创建)
-	学位证+毕业证+公证件
-	成绩单+公证件(最好能带学分说明)
-	课程描述(最好能按照硕士项目要求给课程分好类)
-	培养计划(study and examinations regulations)，如果有
-	APS
-	语言成绩
Scientific Computing项目额外的申请表：https://www.static.tu.berlin/fileadmin/www/10002460/Bewerben_und_Einschreiben/Master/Studiengangsspezifische_Zugangsvoraussetzungen/Scientific_Computing_Zusatzformular_fuer_die_Masterbewerbung.pdf 
-	 护照
 
6.	授课语言：英语
接受的语言成绩：
 
该硕士项目要求B2，对应雅思6.5
7.	入学基本要求和匹配度情况说明
a)	数学、商业数学、技术数学或者其他具备足够数学知识的本科学位
b)	分析/线性代数领域至少18学分
c)	微分方程领域至少6个学分
d)	数值分析至少9个学分
e)	英语达到B2
 

具体课程匹配(根据TUB对应的course description)：

模块	学分要求
分析/线性代数	18
微分方程	6
数值分析	9

TUB的Analysis2+3主要内容是度量空间、基本拓扑、向量微分、偏导数、隐函数、泰勒定理、常微分解的相关理论、测度论、傅立叶，分析领域还包括复分析和泛函分析. 
TUB的代数1主要是群、环、域的概念及其相关定理；代数2的主要是基于1进一步学习相关定理，例如：伽罗瓦理论、张量积、希尔伯特零点定理等，和近世代数有部分重合,线性代数的内容与高等代数重合，分析/线性代数模块总体符合。
TUB的微分方程A学的是平稳微分方程问题、Sobolev 空间、线性变分问题、Lax-Milgram 引理、Zarantonello 定理、Galerkin 方法的泛函分析公式和处理，微分方程B是非线性平稳微分方程问题、Browder、Minty 和 Brezi 定理、势算子，和国内的常微偏微体系不太相同，但常微还是可以算进去的，有部分内容是重合的。
数值分析模块的课，有数值分析，最优化导论和算法分析与设计 
8.硕士课程：
Scientific Computing	学分
必修	科学计算	10
	数值线性代数	10
	工程数值数学	10
选修	数学	26
	应用领域	18
自由选修	16
硕士论文	30

 

"
卡尔斯鲁厄理工学院,数学,Mathematics ,"1.	官网：https://www.math.kit.edu/lehre/page/studinternational/en
2.	项目基本信息：
a)	学位：Master of Science
b)	学习时间：4个学期 
c)	授课语言：英语
d)	开始时间：夏季或冬季
e)	学期费：每学期1500欧元
3.	申请时间：
i)	冬季学期：截止7月15日
j)	夏季学期：截止1月15日
4.	申请方式：
通过国际学生办公室的网页申请提交申请：https://bewerbung.studium.kit.edu/prod/campus/Portal/Start?l=en
5.	申请材料：
-	本科毕业证（毕业生；在读生可以上传在读证明）+英/德翻译件
-	成绩单+英/德翻译件
-	APS
项目的申请材料
-	英语成绩证明（可后补）
-	简历
-	课程描述
-	成绩单(已包括至少120ECTS)
-	动机信
-	APS
6.	授课语言：英语：
托福最低90；雅思最低6.5
7.	评分标准和匹配度情况说明：
匹配度要求：无匹配度具体要求，但参考KIT数学专业本科学生学习内容：
总共有：代数和几何、分析、应用和数值数学以及随机这几大模块。
其中随机模块更多的是概率统计的内容。
8.	硕士课程： 
1. 学位学分要求：
硕士学位总共需要 120 个学分。
平均分布在 4 个学期中，每学期大致需要 30 个学分。
2. 主要科目选择（Fach 1 和 Fach 2）：
必须选择两门主要科目，其中一门必须是代数（Ag）或分析（An）。
第一主科至少获得 24 个学分，第二主科至少获得 16 个学分。
3. 补充科目（Fach 3）：
可以选择补充科目来满足学分要求。
可以选择 Ag、An、Nu 或 St 之一的补充科目，也可以从其他部门提供的课程中获得学分。
补充科目需获得 16 到 24 个学分。
4. 专业化科目（Fach 5）：
必须通过选修 Ag、An、Nu 或 St 的专业科目来获得学分。
学生需要获得 14 到 22 个学分。
专业点和补充点加起来至少应为 38。
5. 研讨会（Fach 4）：
必须参加 Ag、An、Nu 或 St 的两场研讨会，每场价值 3 个学分。
另一个第三次研讨会可以算作专业化科目。
6. 关键资格证书（Fach 6）：
需要通过参加语言课程来获得 6 个学分。
7. 附加资格：
可以通过志愿实践工作获得额外学分，相当于 8 个学分。
这些学分被算作“附加资格”，不能计入学位的120学分，但可以列在最终证书中。
代数和几何 （Ag）、分析 （An）、应用和数值数学 （Nu） 和随机数学 （St）。
 
学习模块包括：
代数和几何领域：
代数
微分几何
几何群论
分析领域：
泛函分析
谱理论
偏微分方程的经典方法
边值和特征值问题
应用和数值数学领域：
微分方程的数值方法
科学计算导论
反问题"
慕尼黑大学,统计学和数据科学,Statistics and Data Science,"1. 官网：
https://www.statistik.uni-muenchen.de/studium/studieninfos/statistik_im_master/master_statistik/index.html
2. 授课语言：英语B2，雅思6.0-6.5
3. 申请日期：
①　夏季学期，1.15截止
②　冬季学期，5.15截止
4. 申请方式：
向国际招生办申请：该专业比较特殊，是网站申请
https://lmu.gomovein.com/locallogin/5fbf5db8089cc309fc0513a2/eng
https://cms-cdn.lmu.de/media/lmu/downloads/international/studium/infosheet-fuer-internationale-studienbewerber.pdf申请指导
https://www.lmu.de/de/studium/internationale-vollzeit-studierende/studienbewerbung/index.html checklist
 
5. 申请材料：有checklist，建议护照复印件+课程描述
6. 匹配度说明和选拔标准
匹配度说明：
 
①　统计学or数据科学的学士学位
②　至少150ECTS证明
③　英语B2+德语A1（德语可第一年后补交）
统计学习和建模方法（最多6分），例如统计推断、线性和广义模型、统计和机器学习、入门课程不计算在内 。
统计建模方法ECTS	打分
18	6
9-17	3
小于9	0
统计学的数学基础（最多 5 分），例如概率论、矩阵微积分、分析、数值。
统计学的数学基础ECTS	打分
18	5
9-17	3
小于9	0

统计软件和统计编程（最高4分），例如R、Python、实践经验.
统计软件和统计编程ECTS	打分
12	4
6-11	2
少于6	0
 
大学平均分	得分
1.0-1.5	5
1.51-2.5	3
2.51-3	1
低于3	0

直接录取：18-20
 
选拔面试
面试（25 分钟）将测试三个专题领域的知识。
- 面试前会提供一份文献清单或题目清单。
- 通常由一名大学讲师和一名工作人员担任考官。
- 选拔面试结束后直接做出决定。
- 面试日期约为 9 月中旬或 3 月中旬。
面试的内容：
 
 
统计学习和建模方法
- 统计建模：简单和多元线性回归、二元和泊松回归、预测、假设检验、模型选择
回归、预测、假设检验、模型选择
- 推断：点估计和区间估计、最大似然估计和贝叶斯估计、统计检验原理、基于 M
估计、统计检验原理、基于 ML 估计数的检验、
重要检验
- 机器学习原理：监督和非监督学习、分类、
风险最小化、正则化、评估、树、森林、其他重要方法

统计学的数学基础
- 概率论基础： 科尔莫哥罗夫公理、随机变量、
离散分布和连续分布的定义、联合分布和边际分布、
协方差和相关性、收敛的概念、大数定律、中心极限定理
中心极限定理
- 矩阵微积分：行列式、特征值、二次型、谱分解、
Cholesky 分解
- 分析：微分、数学优化、R 和 Rn 中的积分、泰勒级数和泰勒近似
数列和泰勒近似

统计软件和统计程序设计
- 统计编程基础
- 熟练掌握统计编程语言

"
慕尼黑大学,数据科学,Data Science,"项目网页： https://www.lmu.de/de/studium/studienangebot/alle-studienfaecher-und-studiengaenge/data-science-master-hauptfach-4483.html

1.	项目基本信息：
a)	学位：Master of Science
b)	学习时间：4个学期  (Full Time)
c)	授课语言：英语
d)	开始时间：冬季
e)	学费：有学期费
2.	申请时间：
a)	冬季学期：4月25日到6月1日
3.	申请方式：
官网申请（双申请）
必须另外向慕尼黑大学国际办公室提交入学申请，截止日期为 2024 年 7 月 15 日
网址：https://www.lmu.de/de/studium/internationale-vollzeit-studierende/studienbewerbung/index.html
在线申请
第一步：若申请成功，将在六月底之前通过电子邮件通知申请人告知在线申请是否成功 
第二步：面试（个人通过视频会议/约30min）将于六月底/七月初进行。面试邀请（附有日期和时间）将在预定面试日期前至少一周通过电子邮件发送。面试是否成功的信息将于7月中旬发出。
 
4.	申请材料：正常德国申请材料
论文“数据科学”（其中介绍数据科学的发展和观点以及您计划的专业领域以及之前的经历，最多 1,000 字）
英语水平证明，B2。
5.	授课语言：英语
 
托福最低88；雅思最低6.5；或者提供本科英语授课的证明
6.	选拔流程和匹配度情况说明：
基本要求
主修、辅修或主修专业为统计学或数据科学的学士学位（180 ECTS）。
申请时必须证明至少 150 ECTS（相当于 5 个学期），最终学位可以稍后提交。
英语水平B2：托福最低88；雅思最低6.5；或者提供本科英语授课的证明。
面试内容：（以下是例题）
统计数据
1.	解释随机变量 X 的期望、中位数、方差、分位数等数量。
2.	对于连续随机变量 X，请解释密度与分布函数的关系。
3.	假设 X 服从均值 m 和方差 s2 的正态分布。解释这意味着什么，并陈述正态分布的一些属性。我们如何计算 P(X < x)？
4.	解释最大似然法的基本思想。当给定 n 个独立的 0/1 i.i.d 观测值时，使用最大似然估计伯努利 (p) 分布的参数。
5.	解释置信区间的含义。
6.	协方差和相关性是什么意思？给出一个数学定义。理论协方差和经验协方差有什么区别？
7.	回归模型的目的是什么。举个例子。
8.	解释如何使用回归模型进行预测。
9.	举一个 2x2 表格的例子。优势比是如何定义的？
10.	聚类分析的目的是什么？
推荐书目：
•	FM Dekking、C. Kraaikamp、HP Lopuhuä、LE Meester。概率与统计的现代介绍。施普林格。
•	G.格里米特，D.Stirzaker。概率和随机过程。牛津大学 Pr。
•	AM 心情，FA 格雷比尔，DC 博斯。统计理论简介。麦格劳-希尔。
 
计算机
1.	命名基本数据类型以及它们在计算机内存中的表示方式。
2.	什么是算法？通常使用哪些类型的控制结构来实现算法？
3.	什么是函数以及如何使用它来实现递归？
4.	什么是数组、复合数据类型和引用？
5.	编译型编程语言和解释型编程语言有什么区别？
6.	算法的时间复杂度和内存复杂度是多少？
7.	说出至少两种常用的排序算法并解释它们的计算复杂性。
8.	说出在数据结构中表示图形的两种方法？命名一个方法来找出图是否基于这些结构之一联系？
9.	与在纯文本文件中存储数据相比，数据库系统有何优点？
10.	关系数据模型中的关系、元组和主键是什么？
推荐书目
o	托马斯·H·科门。算法简介。麻省理工学院出版社，2009 年。
o	大卫·J·埃克. 使用 Java 编程简介，第 7 版。版本 7.0，2014 年 8 月（版本 7.0.2，主要是印刷更正，2016 年 12 月）。网址：http://math.hws.edu/javanotes/
o	凯·S·霍斯特曼。Java 基础知识的计算概念，第三版。威利，2003。
o	R. Ramakrishnan，J. Gehrke。数据库管理系统，第三版。麦格劳·希尔，2002。
 
 
匹配度：
因为官网只给出了要求以下模块的要求：
•	统计科学和基于数据的建模：这尤其包括统计和数据挖掘、概率论和机器学习等主题（至少 30 ECTS 或同等学历）。
•	计算机科学和计算方法：这尤其包括数据结构和算法、数据库系统、编程原理和实践、软件工程（至少 30 ECTS 或同等水平）。"
慕尼黑工业大学,数学与数据科学,Mathematics in Data Science ,"1.	官网：https://www.tum.de/en/studies/degree-programs/detail/mathematics-in-data-science-master-of-science-msc
项目网页：https://www.cit.tum.de/en/cit/studies/degree-programs/master-mathematics-data-science/ 
2.	项目基本信息：
a)	学位：Master of Science
b)	学习时间：4个学期  (Full Time)
c)	授课语言：英语
d)	开始时间：夏季或冬季
e)	学费：6000欧元每个学期 (24/25WS开始)；有学期费
3.	申请时间：
a)	冬季学期：1月1日 - 5月31日
b)	夏季学期：9月1日 - 11月30日
4.	申请方式：
a)	Uni-assist申请VPD
Uni-assist网址：https://my.uni-assist.de/ 
 
备注：全年随时都可以申请VPD，不一定需要等到对应的申请期
 
VPD申请截止日期：
 
 
关于VPD的信息：https://www.tum.de/en/studies/application/application-info-portal/uni-assist 
b)	学校网申系统提交申请
除了通过Uni-assist申请VPD，还要在学校的网申系统上提交申请，VPD需要在这里上传
学校系统TUMOnline：https://campus.tum.de/tumonline/ee/ui/ca2/app/desktop/#/login 
网申步骤：https://www.tum.de/en/studies/application/application-info-portal/online-application/onlineapplication-bachelor-master 
5.	申请材料：
VPD的申请材料
-	本科毕业证（毕业生；在读生可以上传在读证明）+英/德翻译件
-	成绩单+英/德翻译件
-	APS
 
项目的申请材料
-	护照
-	英语成绩证明
-	成绩计算表(120ECTS)+课程分析表
(课程分析表在官网上下载，一个Excel表格)
-	简历
-	课程描述
-	成绩单(已包括至少120ECTS)
-	论文
在给定的3个主题里选一个，用英语或德语写一篇大致1000字的论文
24/25WS的topics：https://www.cit.tum.de/fileadmin/w00byx/cit/Studium/Studiengaenge/Master_Mathematics_in_Data_Science/Aufsatzthemen_WS_24_25.pdf 
-	动机信
-	VPD
-	GRE
分数要求是：Q157，AW 3.5
 
不论是否已经用ETS送分，都需要在申请的时候上传成绩证明
 
6.	授课语言：英语
 
托福最低88；雅思最低6.5；或者提供本科英语授课的证明
7.	评分标准和匹配度情况说明：
评分标准：
根据申请者提交的文件进行评分 (Aptitude Assessment)，得分范围：0-100
a)	专业资质(0-55分)
该部分不是通过模块的示意性比较进行的，而是基于能力进行考量的，下表为基本科目组：
数学本科	TUM 学分
数学础知识：
线性代数、离散结构、分析、概率与统计、优化	55
信息基础知识：
计算机科学导论基础知识、算法和数据结构基础知识、数据库基础知识、操作系统和系统软件基础知识、计算机网络和分布式系统	18
计算机本科(辅修数学)	TUM 学分
数学础知识：
计算机的线性代数、离散结构、计算机的分析、概率与统计、高级基础知识(如优化)	35
信息基础知识：
计算机科学导论基础知识、算法和数据结构基础知识、数据库基础知识、操作系统和系统软件基础知识、计算机网络和分布式系统	18
如果确定所获得的技能（学习成果）没有显着差异，则最多可获得55分。缺失的技能将根据慕尼黑工业大学数学学士学位课程或辅修数学的计算机科学学士学位课程指定模块的学分进行扣除。
 
你的本科更靠近第二个类型，所以我们参考慕尼黑工大的信息学辅修数学本科
必修模块
 
信息模块必修：
计算机科学导论、计算机体系结构导论、软件工程导论、理论计算机科学导论、函数世变成与验证、算法和数据结构基础知识、操作系统和系统软件基础知识、数据库基础知识、计算机网络和分布式系统基础知识、编程实践、计算机体系结构实践
数学模块必修：
离散结构、离散概率论、数值编程、计算机科学的线形代数、计算机科学的分析
辅修为数学的可选择课程
 
必修：建模与仿真
选修：函数理论、马尔可夫链、泛函分析、偏微分方程、偏微分方程的数值方法、非线性优化、工商管理统计、代数、分析、应用回归、优化导论、几何、整数优化、微分方程的数值分析、统计计算
结合下表和上图可以看出匹配度表格上要求的课程大多对应该本科的必修课程
第一阶段分数为以上四项相加
取得至少 70 分的学生算通过能力测试。
如果仅有个别科目要求未达到，委员会可要求学生参加数学学士学位课程和计算机科学辅修数学学士学位的基础考试，最多不超过 30 个学分。这些基础考试必须在第一学年通过。
得分低于 50 分者，未通过能力测试。
 

第一阶段分数为50-69分的申请人，进入能力测试的第二阶段 – 面试
选拔面试针对每位申请人单独进行。每位申请人的面试时间为20-30 分钟，面试用英语进行。
面试分数评分标准：
1. 学习意愿，判断是否具备将显著超过一般或与所选研究领域相关的表现水平，例如：
-	是否有证据表明申请人能使用快速、目标导向的学习
-	通过额外课程或课外经历（例如相关组织的成员或活动）来证明与这个硕士专业包含的某个特定领域匹配
-	简历中是否体现出出特别的兴趣（例如额外的相关实习、以前的工作与学习课程的联系）
-	是否有任何证据表明对研究型工作有特别的兴趣或特定的经验（例如，之前选择的学习中的特定研究方向、参与的研究项目）
2. 知识和项目的匹配性
-	本科专业的知识点、学习的重点
-	基本科目组的匹配度
-	论文主题
3. 沟通能力
-	清晰、流畅陈述和讨论事实
-	结构化回答
-	术语
-	利用论证、例子等表达想法等
 
 

面试分数(0-45分)：
每位评选委员会成员独立评估三个方面，权重相等。分数由每位成员的评分加权得出，小数位必须四舍五入。第二阶段的总分是面试分数和第一阶段的的分数总和。获得70分以上的人通过测试。总分低于70分的申请人，未通过能力测试。
 
8.硕士课程：
Mathematics in Data Science	TUM 学分
必修	31
选修	53
额外选修	6
硕士论文	30
"
慕尼黑大学,金融和精算数学,Financial and Insurance Mathematics,"1. 官网：https://www.fm.math.lmu.de/en/study-programs/master-financial-and-insurance-mathematics/index.html 
2. 授课语言：英语
3. 申请日期：仅冬季
①　学院申请截止日期：9月1日
 
②　外办申请截止日期：7月15日
 
4. 申请方式：学院和外办都要递交申请
①　学院申请
相关信息网址：https://www.pani.pa.uni-muenchen.de/kontaktstellen/kontaktstelle-mathematik/bamamathe/bewerbung_ma_finanz/appl_ma_financ_insurance/index.html 
将文件快递至指定地址或者将所有规定材料以PDF的形式邮件发送至邮箱：mathematik.pani.pa@verwaltung.uni-muenchen.de 
一般9月1日后的2周左右，才会给你发具体结果
 
②　外办申请
相关信息网址：https://www.lmu.de/en/study/degree-students/applications-for-admission/index.html 
需要填写申请表并且邮寄文件至指定地址
 
5. 申请材料：
①　学院申请
−	填写完整并签名的申请表(链接：https://www.pani.pa.uni-muenchen.de/kontaktstellen/kontaktstelle-mathematik/bamamathe/bewerbung_ma_finanz/bew_ma_fin_vers_ma_de_en_23_04.pdf )
−	表格式CV
−	成绩单+学位证公证件
 
②　外办申请
−	填写完整并签名的申请表
−	完整的CV
−	成绩单+学位证毕业证公证件
−	APS
−	学院approval(可以在注册的时候提交)
−	语言成绩(没找到英语语言的要求，若想要申请，发邮件询问)
Checklist：https://cms-cdn.lmu.de/media/lmu/downloads/studium/international-office/neuer-ordner/checklist-required-documents-for-application_checkliste_en-2.pdf 


6. 硕士入学要求：
 
数学或经济数学本科
该项目没有列出具体每个模块的学分要求，申请人是数学本科且有涉及一些金融数学的知识

7. 硕士项目：
 
该项目包含(具体可见module handbook)：
−	GOP
−	必修：
连续时间中的随机微积分与套利理论
统计推断
数学研讨会
金融数学中的数值方法
金融数学中的随机模型
−	选修
金融数学
精算数学
及其他有关统计、BA、经济、信息等应用领域的课程
−	实习
Module handbook 链接：https://cms-cdn.lmu.de/media/16-finmath/workgroup-finmath/downloads/mscfhandbuch_2021.pdf 
8. 备注
−	这个硕士项目还有机会参加双学位交换项目
 
−	这个硕士项目的很多课是收到DAV (German Actuarial Association)的批准的，对于已经决定从事这个行业+留在德国，挺好的机会
−	GOP，强制考 “Stochastic Calculus and Arbitrage Theory in Continuous Time”，一个必须通过的考试，具体要求看图片
 
−	强制实习+实习报告
 "
德累斯顿工业大学,商务经济数学,Mathematics in Business and Economics,"1.	官网：https://tu-dresden.de/mn/math/studieninteressierte/wirtschaftsmathematik-master
项目官网：https://tu-dresden.de/studium/vor-dem-studium/studienangebot/sins/sins_studiengang?autoid=5335 
2.	项目基本信息：
①　	学位：Master of Science
②　	学习时间：4个学期 
③　	授课语言：英语
④　	开始时间：夏季或冬季
3.	申请时间：
①　	冬季学期：4月1日 - 7月15日
②　	夏季学期：10月1日 - 1月15日
 
4.	申请方式：uni-assist(仅网申)
Uni-assist 网址：https://www.uni-assist.de/en/ 
申请步骤/信息：https://tu-dresden.de/studium/vor-dem-studium/bewerbung/online-bewerbung/bewerbungsverfahren-ueber-uni-assist 
 
 
5.	申请材料：
-	申请表(uni-assist成功提交申请后会自动生成)
-	CV
-	护照
-	花名册扫描件+公证件(optional)
-	本科毕业证学位证扫描件+公证件
-	成绩单扫描件+公证件
-	语言成绩
-	APS
-	课程描述(optional)
  
6.	授课语言：英语B2(雅思5.5)
 
7.	入学要求
−	数学或相关领域本科，尤其是技术数学或者商务经济数学
−	语言成绩达到B2
 
8.	硕士课程
 
总共66学分的选修课，至少24学分是从商务经济领域选择，至少42学分从数学模块选择"
德累斯顿工业大学,技术数学,Technomathematics ,"1.	官网：https://tu-dresden.de/mn/math/studieninteressierte/technomathematik-master
项目官网：https://tu-dresden.de/studium/vor-dem-studium/studienangebot/sins/sins_studiengang?autoid=5338& 
2.	项目基本信息：
⑤　	学位：Master of Science
⑥　	学习时间：4个学期 
⑦　	授课语言：英语
⑧　	开始时间：夏季或冬季
3.	申请时间：
③　	冬季学期：4月1日 - 7月15日
④　	夏季学期：10月1日 - 1月15日
 
4.	申请方式：uni-assist(仅网申)
Uni-assist 网址：https://www.uni-assist.de/en/ 
申请步骤/信息：https://tu-dresden.de/studium/vor-dem-studium/bewerbung/online-bewerbung/bewerbungsverfahren-ueber-uni-assist 
 
 
5.	申请材料：
-	申请表(uni-assist成功提交申请后会自动生成)
-	CV
-	护照
-	花名册扫描件+公证件(optional)
-	本科毕业证学位证扫描件+公证件
-	成绩单扫描件+公证件
-	语言成绩
-	APS
-	课程描述(optional)
  
6.	授课语言：英语B2(雅思5.5)
 
7.	入学要求
−	数学或相关领域本科，尤其是技术数学或者商务经济数学
−	语言成绩达到B2
 
8.	硕士课程
 
值27学分的5个必修模块 (与建模、模拟、数值、项目有关)，除此之外，至少42学分的数学模块以及至少24学分的应用模块
"
不来梅大学 ,生物统计,Biostaticis,"1.        官网：  https://www.uni-bremen.de/en/studies/orientation-application/offered-study-program/dbs/study/30?cHash=29e73ec8842c2ca7e337b1f3d3f29c26

2.        项目基本信息：
①　        学位：Master of Science
②　        学习时间：4个学期  (Full Time)
③　        授课语言：英语
④　        开始时间：冬季
3.        申请时间：
①　        冬季学期：3月1日至4月30日
4.        申请方式(仅网申)：
5.        通过学校网申系统提交申请，申请系统网址：https://moin.uni-bremen.de/scripts/mgrqispi.dll?APPNAME=CampusNet&PRGNAME=EXTERNALPAGES&ARGUMENTS=-N000000000000002,-N000309,-AHomeenWelcome
6.        申请材料：
-        高中毕业证+公证件
-        学位证+毕业证+公证件
-        成绩单+公证件
-        APS
-        语言成绩
-        动机信（选择学位课程的具体原因、相关的职业规划或期望、与学位课程目标相关的其他已有知识，以及这些知识是如何获得的（如通过课程、进修、 专业实践经验等）(例如，通过课程、进修和专业或实践经验，必须附上相应的证据。）
7.        授课语言：英语B2- 5.5
8.        入学基本要求
证明在数学、随机学或统计学领域至少获得 9 个 CP，且成绩不低于 2.3，其中在随机学或统计学领域至少获得 6 个 CP。在以前的学习或专业实践中获得的该领域的相关知识可以得到认可或记入学分。
评分标准：绩点评分最高80分
  
动机信评分标准：动机信满分20
如果提供了清晰且与资格目标明确和完整相匹配的陈述，则得20分。
如果提供了与资格目标相匹配且适当的陈述，则得15分。
如果陈述能够合理地涉及个人目标，则得5分。
9.	硕士课程：
加深之前学士课程的数学和统计学基础知识。它扩展了学生的知识和技能，特别是在医学研究领域。它强调跨学科性和实际相关性。获得生物统计学家专业知识的广泛知识。不仅教授规划和评估实证研究的实用技能，还教授方法论和医学基础知识以及法律和伦理方面的知识。实习是综合性的，例如在研究所、公司、当局或诊所，学生可以在其中体验相关专业领域的工作情况和工作要求。通过这些课程，学生可以熟悉方法论和应用方面的研究现状。我们注重确保学生能够在跨学科团队中以高科学水平交流信息、想法和问题，并负责解决问题。
学习内容：
生物统计学-A-1：生物统计方法 3
生物统计学-A-2：统计建模 7
生物统计学-A-3：数据管理和统计编程 12
生物统计学-A-4：基础流行病学 16
生物统计学-A-5：生物统计方法 - 特殊方面 20
生物统计学-A-6：复杂统计建模 25
生物统计学-B-1：临床/诊断试验、法律、指南和伦理 29
生物统计学-B-2：医学基础知识 35
生物统计学-C-1：实习 40
生物统计学-D-1：模块硕士论文
来源：https://www.uni-bremen.de/fileadmin/user_upload/fachbereiche/fb3/fb3/Dateien/Studienzentrum_Mathematik/Modulhandbuecher/ModuleDescriptions_BioStat_V03.pdf
"
锡根大学,数学,Mathematics,"1.	官网：https://www.uni-potsdam.de/en/studium/application-enrollment/application-master/consecutive.html
2.	项目基本信息：
①　	学位：Master of Science
②　	学习时间：4个学期  (Full Time)
③　	授课语言：英语
④　	开始时间：冬季和夏季
3.	申请时间：
①　	冬季学期：3 月1日到4月30日
②　	夏季学期：10月1日到11月30日 
4.	申请方式：
官网申请：https://unisono.uni-siegen.de/qisserver/pages/cs/sys/portal/hisinoneStartPage.faces
5.	申请材料：
-	高中毕业证+公证件
-	学位证+毕业证+公证件
-	成绩单+公证件
-	APS
-	语言成绩
6.	授课语言：英语B2- 6.5
7.	入学基本要求
已完成数学学士学位考试或至少在大学完成同等学习。至少必须具备以下能力：
-	分析 I-III (27 CP)
-	线性代数 I (9 CP)
-	数值分析（9 CP）
-	概率论（9 CP）
8.	硕士课程：
该学位课程教授抽象结构分析、识别、表达和解决数学和辅修问题的技能。后续还有相对应的博士学位提供。
未来学习领域有：创建风险预测（保险）/分析财务管理领域（股票等）的费率发展
改进编码技术，例如网上银行和电话、互联网、音乐和图像）
优化行程，例如火车、公共汽车和飞机
数学模型的开发（汽车、航空航天、钢铁工业、医学）
数据处理和评估，例如银行和保险公司的数据
本科课程
数论的公理化
可交换代数
简单有限元素
金融工程/随机 III
傅立叶分析
几何学
曲线和曲面的几何学
编码理论 I
编码理论 II
凸几何
密码学 I
密码学 II
非线性优化
偏微分方程
统计分析
拓扑学
硕士课程
算法博弈论
可分析的群
近似和在线算法
CFD：计算流体力学
计算力学
数据挖掘
微分几何
椭圆曲线
椭圆偏微分方程
有限元软件设计
泛函分析 II
泛函分析 III
地理数学
几何群论
谐波分析
高级组合学
地震研究数学模型
数值 III
数值 IV
反问题的数值
最优控制
统计计算
随机动态优化
随机积分和随机微分方程
金融和保险数学的随机过程
辛几何
变分不等式的理论和数值
概率论
"
波鸿大学,语言数据科学,Linguistic Data Science,"1.	官网： https://ldsl.rub.de/application
2.	项目基本信息：
①　	学位：Master of Science
②　	学习时间：4个学期  (Full Time)
③　	授课语言：英语
④　	开始时间：冬季
3.	申请时间：
①　	冬季学期：6月1日到7月15日
4.	申请方式：
官网申请：https://studium.ruhr-uni-bochum.de/en/internationals-application-masters-degree
https://bewerbung.uv.ruhr-uni-bochum.de/
5.	申请材料：
-	高中毕业证+公证件
-	学位证+毕业证+公证件
-	成绩单+公证件
-	APS
-	语言成绩
-	两页动机信（这不能只是一份简历。写一篇大约 2页长的文字，解释您最新的学术生涯如何导致您对语言数据科学产生兴趣。请注意，该课程是语言数据科学，而不仅仅是数据科学，也不是 NLP 编程课程。您的文本应详细说明您对与数据科学相关的语言学感兴趣的原因和方式，特别是如果您的学位仅显示这些主题之一。（我们不需要对大学或项目的赞扬。））
6.	授课语言：英语B2- 6.0
7.	申请流程：在截止日期前以国际学生身份在线申请。
委员会会检查您的申请的完整性（如果缺少某些内容，可能会收到提醒）。
完整的申请由委员会决定。如果满足上述要求，将被录取。
会通过电子邮件收到录取通知书。
同时收到强制性咨询会议的邀请。
在参加强制性咨询课程后，学术咨询办公室会发送参与确认信息（如果通过在线门户申请，该确认信息也会上传到此处）。
注册后，可以注册语言数据科学的内部 Moodle 课程。在这里可以结识您的同学并找到更多信息。
在下学期开始时，将开始学习课程（通常是十月的第二周或第三周）。
8.	入学基本要求
已完成数学学士学位考试或至少在大学完成同等学习。至少必须具备以下能力：
语言学60 CP，数学/统计学或计算机科学 15 CP，或者语言学 15 CP，数学/统计学或计算机科学 60 CP。
9.	硕士课程：
在第一学年的两个基础模块中，即计算语言学和语言数据科学，奠定了进一步学习的基础：包括学习三个重点领域的知识，即理论语言学、计算语言学和语言数据科学，以及使用Python和R等编程语言的编程技能。学生们通过独立和团队解决问题的工作，获得了解决问题的能力。
核心模块是重点模块，由三个高级课程组成。这些活动可分为三个重点领域的小型研讨会。通过选择研讨会，学生们决定了核心模块的变体：重点模块至少由两个来自该领域的研讨会组成。提供的研讨会的重点领域分配将在课程目录和该专业的网站上公布。
研究模块由学生个人或小组完成的研究项目组成。他们通过陪伴研讨会获得解决问题的项目工作能力。在陪伴的讨论会上，学生们跨年级分享经验和学习成果，以及挑战和应对策略，并学习展示科学问题和项目以及理解演示的能力。
在硕士模块中，学生们将完成一篇硕士论文。
以下是课程描述：
https://ldsl.rub.de/media/pages/study-linguistic-data-science/ee6eee757b-1695638049/modulhandbuch-14-10-22.pdf
"
莱比锡大学,数学物理,Mathematical Physis,"1.	官网：https://www.uni-leipzig.de/en/studying/prospective-students/courses-of-study/degree-programme/course/show/mathematical-physics-m-sc
2.	项目基本信息：
①　	学位：Master of Science
②　	学习时间：4个学期  (Full Time)
③　	授课语言：英语
④　	开始时间：冬季
3.	申请时间：
①　	冬季学期：4月1日到5月31日
4.	申请方式：
通过uni-assist申请
官网申请：https://unisono.uni-siegen.de/qisserver/pages/cs/sys/portal/hisinoneStartPage.faces
5.	申请材料：
-	高中毕业证+公证件
-	学位证+毕业证+公证件
-	成绩单+公证件
-	APS
-	语言成绩
6.	授课语言：英语B2- 6.5
7.	入学基本要求
已完成数学学士学位考试或至少在大学完成同等学习。至少必须具备以下能力：
-	通常是数学、物理或计算机科学学士学位，或者
-	代数和分析知识达 30 学分；最多可从其他数学领域获得 10 个学分
-	理论物理领域或与理论物理相关领域的知识（例如量子力学、实验物理、复杂和气象系统、动力系统、微分方程）总计20学分
-	欧洲共同语言参考框架 B2 级英语知识证明（或同等水平）
8.	硕士课程：
硕士课程由两个为期一年的阶段组成。数学物理的两个模块为第一阶段奠定了基础。它们以您在数学和理论物理方面的基础知识为基础，并构成后来的高级课程的基础。在研究阶段，您将学习在教授或经验丰富的科学家的指导下进行独立研究，成为研究小组的一部分，并为当前的研究问题做出贡献。
课程结构允许学生做出个人选择，因此提供了多种专业选择。除了数学和理论物理方面的广泛主题外，您还可以利用扩展范围的选修模块，例如气象学（数据同化或数值天气预报和气候建模）或计算机科学（神经启发的数据处理，人工神经网络和机器学习、可视化、图形和生物网络）。
职业方向：由于数学和物理在现代社会中的重要性，科学和工业领域有很多就业机会。许多毕业生继续攻读博士学位，并从数学和理论物理研究所以及马克斯·普朗克科学数学研究所 (MPI MiS) 受益 
由于德国缺乏专业数学家、计算机科学家、科学家和工程师，您将在工业和商业领域的各种职业中获得绝佳的机会，包括：
机械工业
电气工程
医疗技术
软件开发
金融保险
通讯系统
运输和物流
服务业还有更多就业机会，包括：
企业咨询
技术咨询
科研机构
管理（材料测试中心、质量保证、验证、IT 安全）
根据自己的兴趣组织硕士课程，选修以下课程：
    动态系统
    微分几何
    随机过程
    引力和宇宙学
    凝聚态和软物质
    偏微分方程或
粒子和量子场
具体课程可以在：https://www.physes.uni-leipzig.de/en/studying/courses-of-study/master-mathematical-physics
以及该课程的课程描述：https://amb.uni-leipzig.de/?kat_id=905
"
多蒙工业大学,工业数学,Industrial Mathematics,"1.	官网：https://www.tu-dortmund.de/en/studies/degree-programs/industrial-mathematics-913/
https://studieren.mathematik.tu-dortmund.de/?page_id=1018
2.	项目基本信息：
①　	学位：Master of Science
②　	学习时间：4个学期  (Full Time)
③　	授课语言：英语
④　	开始时间：冬季
3.	申请时间：
①　	冬季学期：7月15日
4.	申请方式：
官网申请：https://unisono.uni-siegen.de/qisserver/pages/cs/sys/portal/hisinoneStartPage.faces
5.	申请材料：
-	高中毕业证+公证件
-	学位证+毕业证+公证件
-	成绩单+公证件
-	APS
-	语言成绩
6.	授课语言：英语B2- 6.5
7.	入学基本要求
已完成数学学士学位考试或至少在大学完成同等学习。至少必须具备以下能力：
要求绩点3.0以上
来自建筑力学和静力学、化学、电气工程和信息技术、计算机科学、物理、技术力学等次要领域之一至少 20 学分
数学和信息与计算科学的学分满足要求
8.	硕士课程：
同时，技术数学（技术数学和工业数学）硕士课程中增加了辅修科目“计算机科学”。
，前三个学期在多特蒙德工业大学一起学习课程。第四学期，学生撰写硕士论文，也可以与工业公司合作完成。如需经济支持，学生可以申请“曼弗雷德·雷默奖学金”。
他们能够在科学、技术或商业的各种专业领域独立应用数学知识。通过这样做，他们还能够在实践中识别和分析非常复杂的数学问题，并生成和实施新的科学解决方案。他们有能力适当地应用数学方法来解决规划、开发和研究任务，也可以在大学或研究机构担任科学工作者。工业数学专业的学生通过在学习中选择应用学科，还获得了自然科学或工程科学方面深厚的跨学科知识：总的来说，他们是应用数学（数值、优化、科学计算等）方面的专家，可以开发和实施跨学科环境中的数值计算机模拟。
辅修领域有：
物理
计算机科学
技术力学（机械工程）
电气工程与信息技术
建筑力学与静力学（土木工程）
化学工程
化学
"
帕绍大学 ,计算数学,Computational Mathematics,"1.	官网：https://www.uni-passau.de/en/msc-compmaths
2.	项目基本信息：
①　	学位：Master of Science
②　	学习时间：4个学期  (Full Time)
③　	授课语言：英语
④　	开始时间：冬季和夏季
3.	申请时间：
①　	冬季学期：4月15日到5月31日
4.	申请方式：和uni-assist
官网申请：https://www.uni-passau.de/en/apply/application-methods#c356340
5.	申请材料：
-	高中毕业证+公证件
-	学位证+毕业证+公证件
-	成绩单+公证件
-	APS
-	语言成绩
6.	授课语言：英语B2- 6.5
7.	入学基本要求
已完成数学学士学位考试或至少在大学完成同等学习。至少必须具备以下能力：
绩点2.7以上，数学部分110ECT学分
第一学年结束后提交德语A1证明
8.	硕士课程：
必修选修模块分为多个模块组，重点关注：
代数：密码学以及计算代数和逻辑
分析：压缩感知、机器学习的数学基础、逼近论和基于信息的复杂性
应用：信号和图像分析、数学建模以及（随机）模拟
几何：具有扩展器和随机图论以及凸几何
优化：线性和非线性规划以及计算博弈论
随机学：使用贝叶斯推理、随机微分方程和蒙特卡罗方法
 
研究生课程描述：https://www.uni-passau.de/fileadmin/dokumente/fakultaeten/fim/dekanat/Anrechenbarkeitstabelle/Modulkatalog-Master-CompMath.pdf
学位课程基本信息：https://www.uni-passau.de/fileadmin/dokumente/studium/infoschriften/Computational_Mathematics_MA_EN.pdf
"